                  epoch,           train/box_om,           train/cls_om,           train/dfl_om,           train/box_oo,           train/cls_oo,       metrics/mAP50(B),   metrics/precision(B),      metrics/recall(B),       metrics/mAP50(B),    metrics/mAP50-95(B),             val/box_om,             val/cls_om,             val/dfl_om,             val/box_oo,             val/cls_oo,             val/dfl_oo,                 lr/pg0,                 lr/pg1,                 lr/pg2
1,4.1712,5.6265,4.1131,4.0512,7.7658,0.00124,0.07034,0.00755,0.00124,0.00028,3.7813,5.3174,3.6664,3.4014,6.0856,3.1074,0.07009,0.0033233,0.0033233
2,3.6367,4.3954,2.9977,3.4019,4.7155,0.00564,0.55009,0.02797,0.00564,0.00168,3.0765,4.0065,2.6436,2.8306,4.3693,2.256,0.040068,0.0066347,0.0066347
3,3.1366,3.725,2.3487,2.944,3.9602,0.00958,0.61947,0.05154,0.00958,0.00284,2.9384,4.0354,2.283,2.6557,4.8525,1.9879,0.010024,0.009924,0.009924
4,2.6964,3.2661,2.0136,2.5816,3.5779,0.04199,0.29193,0.08746,0.04199,0.0168,2.6728,4.4118,2.0952,2.4024,5.3355,1.7978,0.009901,0.009901,0.009901
5,2.4611,2.9565,1.8231,2.3958,3.3101,0.08377,0.65617,0.13425,0.08377,0.03704,2.3624,3.073,1.8747,2.2315,3.4785,1.6262,0.009901,0.009901,0.009901
6,2.3295,2.7715,1.7426,2.3014,3.1528,0.0957,0.59324,0.14219,0.0957,0.04627,2.1883,2.8756,1.7443,2.0386,3.4373,1.5359,0.009868,0.009868,0.009868
7,2.2193,2.4708,1.6136,2.2283,2.8503,0.11817,0.69695,0.14326,0.11817,0.05716,2.1022,2.5387,1.7033,1.9911,2.8652,1.5021,0.009835,0.009835,0.009835
8,2.1091,2.2633,1.5495,2.1461,2.6605,0.13334,0.58406,0.14361,0.13334,0.06603,2.0536,2.4686,1.6421,1.939,2.8503,1.465,0.009802,0.009802,0.009802
9,2.0612,2.2071,1.5196,2.1126,2.6012,0.14362,0.59102,0.15908,0.14362,0.07359,1.9523,2.3412,1.6034,1.89,2.6839,1.4326,0.009769,0.009769,0.009769
10,1.9987,2.0399,1.4773,2.0651,2.4388,0.16091,0.55245,0.1683,0.16091,0.08312,2.0333,2.4081,1.6426,1.9415,2.8408,1.4543,0.009736,0.009736,0.009736
11,1.9703,2.0603,1.4792,2.0449,2.4702,0.20532,0.65953,0.20825,0.20532,0.10842,1.9139,2.055,1.5427,1.8708,2.4941,1.4057,0.009703,0.009703,0.009703
12,1.9029,1.9016,1.4386,2.003,2.318,0.22632,0.65172,0.21579,0.22632,0.11923,1.9024,1.9462,1.532,1.8496,2.2573,1.3922,0.00967,0.00967,0.00967
13,1.8896,1.876,1.4231,1.9786,2.2833,0.24634,0.75016,0.23295,0.24634,0.13578,1.8342,1.9223,1.4895,1.7855,2.3162,1.3483,0.009637,0.009637,0.009637
14,1.8376,1.8108,1.3965,1.9493,2.187,0.24108,0.59199,0.23971,0.24108,0.12945,1.8058,1.8748,1.4833,1.8355,2.2655,1.369,0.009604,0.009604,0.009604
15,1.8597,1.7989,1.3875,1.9708,2.1711,0.26791,0.65612,0.21366,0.26791,0.14817,1.801,1.959,1.4724,1.8075,2.4622,1.3719,0.009571,0.009571,0.009571
16,1.8178,1.7184,1.3777,1.9429,2.0827,0.27792,0.67314,0.26037,0.27792,0.15117,1.7535,1.7549,1.4442,1.7685,2.0693,1.3381,0.009538,0.009538,0.009538
17,1.7822,1.6742,1.3543,1.9089,2.0308,0.29146,0.71916,0.25917,0.29146,0.1621,1.7077,1.6664,1.4167,1.7263,1.9769,1.3185,0.009505,0.009505,0.009505
18,1.7341,1.6052,1.3232,1.8785,1.9511,0.3049,0.71347,0.28088,0.3049,0.17147,1.7449,1.6786,1.4397,1.7839,1.9742,1.3303,0.009472,0.009472,0.009472
19,1.7485,1.6229,1.3411,1.8777,1.9781,0.3219,0.65678,0.29637,0.3219,0.18467,1.683,1.6424,1.3909,1.7157,1.8996,1.3005,0.009439,0.009439,0.009439
20,1.7164,1.5668,1.3146,1.871,1.9158,0.31309,0.62358,0.28967,0.31309,0.17754,1.6558,1.6292,1.3795,1.697,1.8947,1.2938,0.009406,0.009406,0.009406
21,1.6859,1.5213,1.3033,1.8502,1.8809,0.3231,0.6739,0.30243,0.3231,0.18696,1.6372,1.5394,1.3639,1.6981,1.8366,1.2878,0.009373,0.009373,0.009373
22,1.6728,1.4866,1.2874,1.8452,1.8123,0.3248,0.55695,0.32152,0.3248,0.18522,1.6901,1.5989,1.4048,1.7422,1.851,1.3082,0.00934,0.00934,0.00934
23,1.6685,1.5089,1.2873,1.8359,1.8482,0.34088,0.65078,0.31,0.34088,0.19501,1.6492,1.5499,1.3686,1.703,1.9183,1.2966,0.009307,0.009307,0.009307
24,1.6963,1.5187,1.2938,1.8543,1.834,0.33258,0.60963,0.30863,0.33258,0.19042,1.6244,1.52,1.3638,1.6928,1.7933,1.2936,0.009274,0.009274,0.009274
25,1.6528,1.4905,1.2719,1.8208,1.7909,0.36404,0.64116,0.33675,0.36404,0.20916,1.6387,1.4139,1.3779,1.7006,1.6641,1.2998,0.009241,0.009241,0.009241
26,1.6355,1.4682,1.2688,1.8087,1.7912,0.34776,0.67386,0.31643,0.34776,0.20164,1.6574,1.4957,1.3765,1.7388,1.8352,1.3026,0.009208,0.009208,0.009208
27,1.6293,1.4353,1.2672,1.8,1.7495,0.38886,0.73728,0.34919,0.38886,0.22751,1.6063,1.3958,1.3414,1.6962,1.6572,1.2813,0.009175,0.009175,0.009175
28,1.5941,1.3907,1.2461,1.7863,1.6948,0.34394,0.49935,0.34998,0.34394,0.19576,1.6011,1.4181,1.3494,1.6744,1.7085,1.2811,0.009142,0.009142,0.009142
29,1.6213,1.4294,1.2679,1.8032,1.752,0.37922,0.7042,0.37317,0.37922,0.21735,1.5934,1.3306,1.3341,1.6731,1.5352,1.2748,0.009109,0.009109,0.009109
30,1.6026,1.368,1.2398,1.7853,1.6502,0.37507,0.61685,0.34991,0.37507,0.21657,1.5757,1.3325,1.3343,1.6642,1.5515,1.2684,0.009076,0.009076,0.009076
31,1.5641,1.3392,1.2331,1.762,1.6211,0.3999,0.57916,0.37576,0.3999,0.23657,1.5402,1.3098,1.3135,1.6268,1.534,1.2546,0.009043,0.009043,0.009043
32,1.5847,1.3462,1.2406,1.7673,1.6284,0.39601,0.57317,0.36361,0.39601,0.23298,1.5645,1.2811,1.3235,1.6328,1.4642,1.2626,0.00901,0.00901,0.00901
33,1.5549,1.3073,1.2204,1.7609,1.5726,0.40386,0.62346,0.36602,0.40386,0.24064,1.5483,1.3035,1.3132,1.63,1.5223,1.2584,0.008977,0.008977,0.008977
34,1.5463,1.3152,1.2242,1.7373,1.5851,0.40643,0.61465,0.3941,0.40643,0.23991,1.5396,1.267,1.306,1.6493,1.4805,1.2607,0.008944,0.008944,0.008944
35,1.5162,1.2776,1.2091,1.7124,1.5334,0.40362,0.51579,0.40246,0.40362,0.23712,1.521,1.3183,1.2967,1.6308,1.6035,1.2516,0.008911,0.008911,0.008911
36,1.5503,1.3021,1.2233,1.7482,1.5667,0.41967,0.48811,0.41494,0.41967,0.24655,1.5277,1.2655,1.2921,1.625,1.4761,1.2481,0.008878,0.008878,0.008878
37,1.5315,1.2834,1.2092,1.7402,1.5533,0.42099,0.53402,0.3883,0.42099,0.24945,1.5179,1.2815,1.2849,1.623,1.4895,1.2382,0.008845,0.008845,0.008845
38,1.505,1.2453,1.1953,1.7083,1.4875,0.40911,0.53965,0.37716,0.40911,0.24394,1.5098,1.2689,1.2875,1.6114,1.5321,1.2409,0.008812,0.008812,0.008812
39,1.5143,1.2693,1.213,1.7118,1.5465,0.42713,0.47088,0.40848,0.42713,0.25958,1.5142,1.2666,1.2871,1.6329,1.4859,1.2416,0.008779,0.008779,0.008779
40,1.5034,1.2488,1.203,1.7059,1.5075,0.41887,0.48051,0.3972,0.41887,0.24594,1.5008,1.2186,1.2847,1.6083,1.4303,1.2438,0.008746,0.008746,0.008746
41,1.5183,1.2294,1.2014,1.7219,1.4823,0.43287,0.52792,0.40594,0.43287,0.26171,1.5014,1.2444,1.2794,1.6062,1.4637,1.2344,0.008713,0.008713,0.008713
42,1.4927,1.236,1.1927,1.6963,1.4851,0.44464,0.66504,0.42422,0.44464,0.26888,1.4878,1.1938,1.2711,1.5825,1.3693,1.2277,0.00868,0.00868,0.00868
43,1.4636,1.202,1.1809,1.6792,1.4551,0.44166,0.5984,0.4287,0.44166,0.27188,1.4657,1.2374,1.266,1.574,1.4509,1.2238,0.008647,0.008647,0.008647
44,1.4917,1.2091,1.1885,1.6976,1.4614,0.44912,0.62002,0.42255,0.44912,0.26822,1.4998,1.1623,1.2797,1.6061,1.3272,1.2388,0.008614,0.008614,0.008614
45,1.4747,1.2007,1.1813,1.6921,1.4533,0.45457,0.6029,0.42504,0.45457,0.27375,1.4858,1.1454,1.2705,1.5898,1.3312,1.2272,0.008581,0.008581,0.008581
46,1.4794,1.2104,1.1846,1.6839,1.4575,0.45357,0.6131,0.41917,0.45357,0.27435,1.4761,1.178,1.2724,1.5816,1.4023,1.2317,0.008548,0.008548,0.008548
47,1.4604,1.1919,1.1733,1.6664,1.4425,0.45461,0.59626,0.4222,0.45461,0.2736,1.4723,1.1596,1.268,1.591,1.3518,1.2301,0.008515,0.008515,0.008515
48,1.4591,1.1968,1.18,1.6815,1.4483,0.45461,0.62316,0.41923,0.45461,0.27755,1.4664,1.1869,1.2683,1.5688,1.3919,1.226,0.008482,0.008482,0.008482
49,1.4478,1.1775,1.1679,1.6618,1.4139,0.45509,0.58552,0.43972,0.45509,0.27493,1.4531,1.1794,1.2531,1.5734,1.3978,1.2247,0.008449,0.008449,0.008449
50,1.4478,1.1641,1.1717,1.6634,1.4044,0.47065,0.6249,0.44502,0.47065,0.28173,1.4495,1.1352,1.2521,1.5705,1.2828,1.2178,0.008416,0.008416,0.008416
51,1.4575,1.1744,1.1775,1.6787,1.4121,0.46048,0.53691,0.4365,0.46048,0.27544,1.4648,1.1558,1.2598,1.5734,1.342,1.2206,0.008383,0.008383,0.008383
52,1.436,1.1505,1.171,1.6552,1.3862,0.46768,0.60179,0.44823,0.46768,0.28449,1.4486,1.1495,1.2467,1.5686,1.3479,1.2129,0.00835,0.00835,0.00835
53,1.4209,1.1229,1.1531,1.6396,1.3401,0.47804,0.56469,0.44427,0.47804,0.2877,1.4359,1.1267,1.2461,1.559,1.2608,1.2136,0.008317,0.008317,0.008317
54,1.4304,1.1446,1.1571,1.6479,1.3735,0.46252,0.65593,0.43504,0.46252,0.27701,1.442,1.1333,1.2444,1.5617,1.2978,1.2119,0.008284,0.008284,0.008284
55,1.4174,1.111,1.1592,1.6444,1.3312,0.47188,0.64434,0.44383,0.47188,0.28763,1.439,1.1281,1.2418,1.5581,1.3034,1.2093,0.008251,0.008251,0.008251
56,1.4195,1.1503,1.1616,1.6303,1.384,0.47131,0.5976,0.45038,0.47131,0.28666,1.4342,1.1103,1.245,1.5563,1.2821,1.2103,0.008218,0.008218,0.008218
57,1.4081,1.1263,1.1516,1.6249,1.35,0.46562,0.59187,0.44162,0.46562,0.28388,1.4349,1.1157,1.2399,1.5528,1.278,1.2092,0.008185,0.008185,0.008185
58,1.4245,1.1251,1.1542,1.6469,1.3501,0.47837,0.64555,0.44419,0.47837,0.28936,1.4335,1.0895,1.2386,1.5606,1.252,1.208,0.008152,0.008152,0.008152
59,1.4027,1.1096,1.1533,1.6168,1.33,0.47319,0.66209,0.43281,0.47319,0.28536,1.43,1.0972,1.2389,1.5485,1.2762,1.2094,0.008119,0.008119,0.008119
60,1.4005,1.085,1.137,1.6223,1.2887,0.48233,0.61553,0.45861,0.48233,0.29405,1.4224,1.0826,1.2328,1.5485,1.2488,1.2046,0.008086,0.008086,0.008086
61,1.3816,1.0815,1.1343,1.5972,1.2976,0.4849,0.65964,0.44939,0.4849,0.30096,1.4226,1.0996,1.2338,1.5511,1.3023,1.2034,0.008053,0.008053,0.008053
62,1.4061,1.0945,1.1394,1.6209,1.2957,0.48483,0.65621,0.45355,0.48483,0.29156,1.4267,1.0761,1.2353,1.5469,1.2457,1.2033,0.00802,0.00802,0.00802
63,1.4026,1.1005,1.1486,1.6223,1.3182,0.49159,0.56534,0.46205,0.49159,0.29711,1.4218,1.0877,1.2354,1.5478,1.2851,1.2062,0.007987,0.007987,0.007987
64,1.3923,1.0774,1.1369,1.6223,1.286,0.48802,0.63702,0.44963,0.48802,0.29734,1.4109,1.0771,1.2249,1.5354,1.2156,1.1984,0.007954,0.007954,0.007954
65,1.3838,1.0799,1.1398,1.6004,1.2758,0.489,0.63818,0.45788,0.489,0.30022,1.4074,1.0755,1.2187,1.5272,1.2385,1.1899,0.007921,0.007921,0.007921
66,1.388,1.0782,1.1427,1.6019,1.2759,0.48537,0.58466,0.46015,0.48537,0.29971,1.4152,1.0961,1.2229,1.5439,1.2876,1.2,0.007888,0.007888,0.007888
67,1.3893,1.0679,1.1321,1.6052,1.2656,0.49345,0.67404,0.45464,0.49345,0.30718,1.4003,1.074,1.2198,1.5276,1.2617,1.1934,0.007855,0.007855,0.007855
68,1.3785,1.0553,1.1347,1.6015,1.2525,0.50011,0.63837,0.47213,0.50011,0.30435,1.398,1.0754,1.2178,1.5177,1.2712,1.1903,0.007822,0.007822,0.007822
69,1.3726,1.0583,1.1257,1.5999,1.2612,0.50268,0.65855,0.45784,0.50268,0.30451,1.4009,1.0551,1.2182,1.5301,1.2423,1.1939,0.007789,0.007789,0.007789
70,1.3753,1.0533,1.1245,1.6093,1.2648,0.4975,0.73669,0.46854,0.4975,0.30751,1.3949,1.055,1.2182,1.5214,1.228,1.1934,0.007756,0.007756,0.007756
71,1.3533,1.0476,1.1249,1.5911,1.2571,0.50317,0.64199,0.4664,0.50317,0.31059,1.3957,1.0465,1.219,1.5171,1.2319,1.1905,0.007723,0.007723,0.007723
72,1.3473,1.0264,1.1172,1.571,1.23,0.49317,0.65599,0.45655,0.49317,0.30591,1.3972,1.047,1.2198,1.5213,1.209,1.1899,0.00769,0.00769,0.00769
73,1.355,1.0417,1.126,1.5776,1.2457,0.50353,0.67507,0.47305,0.50353,0.30987,1.3965,1.0282,1.2173,1.5247,1.1848,1.1899,0.007657,0.007657,0.007657
74,1.3676,1.04,1.1212,1.5979,1.2362,0.50082,0.69455,0.46135,0.50082,0.30683,1.4043,1.0543,1.2174,1.5272,1.2375,1.1882,0.007624,0.007624,0.007624
75,1.3587,1.0343,1.1217,1.5775,1.2214,0.50568,0.5646,0.47697,0.50568,0.3135,1.3914,1.0453,1.2127,1.5157,1.1972,1.186,0.007591,0.007591,0.007591
76,1.3438,1.0274,1.1144,1.5784,1.2303,0.51442,0.65456,0.47909,0.51442,0.31793,1.3819,1.0322,1.2091,1.5153,1.2074,1.1848,0.007558,0.007558,0.007558
77,1.3507,1.0189,1.1185,1.5958,1.2133,0.51515,0.67798,0.46309,0.51515,0.31911,1.3789,1.0343,1.2042,1.5111,1.2006,1.1804,0.007525,0.007525,0.007525
78,1.3616,1.0342,1.1263,1.5826,1.2345,0.51077,0.65073,0.47757,0.51077,0.31564,1.3839,1.0389,1.2109,1.5196,1.1984,1.1866,0.007492,0.007492,0.007492
79,1.3294,1.0121,1.1062,1.5651,1.2019,0.51605,0.66327,0.47855,0.51605,0.32345,1.3737,1.0258,1.2013,1.5046,1.1999,1.1804,0.007459,0.007459,0.007459
80,1.3473,1.0055,1.1105,1.5727,1.1929,0.51875,0.58967,0.49381,0.51875,0.32523,1.3725,1.0295,1.2008,1.5027,1.2026,1.1805,0.007426,0.007426,0.007426
81,1.3561,1.0233,1.1208,1.5795,1.2073,0.52476,0.69006,0.48126,0.52476,0.32851,1.3669,1.0064,1.2001,1.5004,1.1622,1.1792,0.007393,0.007393,0.007393
82,1.3269,0.98803,1.1049,1.5448,1.1785,0.52386,0.68003,0.48623,0.52386,0.32555,1.3721,1.013,1.2017,1.4985,1.1619,1.1755,0.00736,0.00736,0.00736
83,1.3136,0.99672,1.1075,1.5493,1.1964,0.53818,0.66786,0.51517,0.53818,0.33724,1.3694,1.0098,1.1986,1.4968,1.1596,1.1723,0.007327,0.007327,0.007327
84,1.3322,1.0114,1.1084,1.5494,1.1948,0.51876,0.6517,0.49145,0.51876,0.32598,1.3717,1.0326,1.2008,1.4995,1.2262,1.174,0.007294,0.007294,0.007294
85,1.3296,0.99689,1.0996,1.5576,1.1733,0.52417,0.65603,0.49967,0.52417,0.3282,1.3729,1.0141,1.2056,1.5038,1.1642,1.1835,0.007261,0.007261,0.007261
86,1.3104,0.97581,1.0913,1.5411,1.1556,0.53113,0.64707,0.50449,0.53113,0.33157,1.3629,1.0036,1.1962,1.4991,1.1519,1.1767,0.007228,0.007228,0.007228
87,1.2925,0.94944,1.0902,1.516,1.1248,0.53633,0.69196,0.499,0.53633,0.3362,1.3603,1.0034,1.1964,1.4975,1.1608,1.1785,0.007195,0.007195,0.007195
88,1.3091,0.97624,1.0981,1.5381,1.1689,0.54069,0.61307,0.50037,0.54069,0.33661,1.3584,1.0008,1.1936,1.493,1.1601,1.175,0.007162,0.007162,0.007162
89,1.3069,0.96551,1.0959,1.5269,1.147,0.53323,0.59019,0.50428,0.53323,0.33121,1.3576,0.98931,1.1907,1.492,1.1308,1.1702,0.007129,0.007129,0.007129
90,1.3042,0.96868,1.0914,1.5399,1.1465,0.53602,0.59338,0.50334,0.53602,0.33706,1.3546,0.98848,1.1944,1.4896,1.1407,1.1742,0.007096,0.007096,0.007096
91,1.2931,0.96278,1.0971,1.5176,1.1349,0.53392,0.67546,0.4941,0.53392,0.33477,1.3596,0.98739,1.1947,1.4929,1.1347,1.1733,0.007063,0.007063,0.007063
92,1.3038,0.9675,1.092,1.5387,1.1486,0.53542,0.66884,0.49886,0.53542,0.33737,1.3542,0.98786,1.1903,1.4886,1.1472,1.1708,0.00703,0.00703,0.00703
93,1.3005,0.96969,1.0916,1.5337,1.1459,0.53757,0.68334,0.49933,0.53757,0.33726,1.3586,0.98561,1.196,1.4898,1.1475,1.1737,0.006997,0.006997,0.006997
94,1.3012,0.9631,1.0989,1.538,1.1631,0.53358,0.69606,0.47928,0.53358,0.33449,1.3563,0.99571,1.194,1.4873,1.1734,1.171,0.006964,0.006964,0.006964
95,1.2905,0.95726,1.0889,1.5196,1.1255,0.53494,0.65431,0.50873,0.53494,0.33262,1.3546,0.98417,1.1945,1.49,1.1423,1.1736,0.006931,0.006931,0.006931
96,1.2981,0.95276,1.0927,1.5267,1.1233,0.53979,0.66078,0.50902,0.53979,0.33969,1.3481,0.97974,1.1876,1.4835,1.1441,1.1693,0.006898,0.006898,0.006898
97,1.2777,0.94421,1.0879,1.5163,1.1266,0.53916,0.67638,0.49901,0.53916,0.33703,1.3527,0.98224,1.1911,1.4874,1.1421,1.1703,0.006865,0.006865,0.006865
98,1.2873,0.94001,1.0812,1.5157,1.1073,0.53909,0.6078,0.49813,0.53909,0.33965,1.3545,0.98959,1.1938,1.4866,1.1588,1.1722,0.006832,0.006832,0.006832
99,1.2752,0.94494,1.0815,1.5085,1.1066,0.54221,0.67363,0.50693,0.54221,0.34113,1.3523,0.9803,1.1921,1.4853,1.1414,1.1695,0.006799,0.006799,0.006799
100,1.292,0.94952,1.091,1.526,1.1337,0.54278,0.66033,0.51845,0.54278,0.34087,1.3544,0.98205,1.1947,1.4853,1.1448,1.1686,0.006766,0.006766,0.006766
101,1.2748,0.93355,1.0758,1.5202,1.1017,0.55034,0.66012,0.51795,0.55034,0.34554,1.3498,0.97413,1.1891,1.4844,1.1218,1.167,0.006733,0.006733,0.006733
102,1.2954,0.95275,1.089,1.5344,1.1296,0.55675,0.70485,0.49825,0.55675,0.34829,1.3492,0.96371,1.1895,1.4851,1.1115,1.1693,0.0067,0.0067,0.0067
103,1.2737,0.93162,1.0749,1.5041,1.0992,0.55152,0.70031,0.50138,0.55152,0.34834,1.3444,0.96828,1.1872,1.478,1.1229,1.1649,0.006667,0.006667,0.006667
104,1.2676,0.94046,1.0756,1.5059,1.0878,0.54777,0.67869,0.52167,0.54777,0.3476,1.3379,0.96199,1.1833,1.4775,1.1079,1.1634,0.006634,0.006634,0.006634
105,1.2629,0.9224,1.0798,1.5004,1.097,0.54901,0.67765,0.51858,0.54901,0.34784,1.3396,0.96321,1.1844,1.4765,1.1155,1.1625,0.006601,0.006601,0.006601
106,1.2661,0.91348,1.0751,1.5051,1.0831,0.54695,0.69463,0.49891,0.54695,0.34483,1.3454,0.96969,1.1855,1.4809,1.1241,1.1622,0.006568,0.006568,0.006568
107,1.2756,0.90729,1.072,1.5268,1.0706,0.54837,0.61028,0.51897,0.54837,0.34681,1.3407,0.96268,1.1859,1.4791,1.1205,1.1667,0.006535,0.006535,0.006535
108,1.2628,0.93159,1.0843,1.5086,1.1104,0.54778,0.61602,0.51751,0.54778,0.34555,1.3401,0.96794,1.1833,1.4786,1.1158,1.1631,0.006502,0.006502,0.006502
109,1.2717,0.90483,1.077,1.5033,1.0691,0.54687,0.61287,0.51604,0.54687,0.34551,1.3402,0.96579,1.1808,1.4796,1.1247,1.163,0.006469,0.006469,0.006469
110,1.2679,0.91532,1.0827,1.5092,1.0942,0.55298,0.67566,0.51315,0.55298,0.34841,1.34,0.97439,1.1804,1.4799,1.1639,1.1627,0.006436,0.006436,0.006436
111,1.262,0.90895,1.0752,1.5028,1.0666,0.55729,0.67956,0.52237,0.55729,0.35005,1.3338,0.96001,1.179,1.4725,1.1309,1.1581,0.006403,0.006403,0.006403
112,1.2639,0.92551,1.0754,1.4935,1.0962,0.55803,0.61003,0.52763,0.55803,0.35209,1.3344,0.95999,1.1786,1.4734,1.1325,1.1582,0.00637,0.00637,0.00637
113,1.2538,0.90381,1.0679,1.5012,1.0849,0.55849,0.63253,0.51048,0.55849,0.35259,1.3378,0.961,1.1825,1.4771,1.1337,1.1618,0.006337,0.006337,0.006337
114,1.2629,0.89578,1.0739,1.497,1.0628,0.56071,0.68064,0.53006,0.56071,0.35541,1.3365,0.95915,1.1831,1.475,1.1359,1.161,0.006304,0.006304,0.006304
115,1.2509,0.88048,1.0647,1.4906,1.0398,0.5603,0.69735,0.51088,0.5603,0.3547,1.336,0.96473,1.1825,1.4749,1.145,1.1592,0.006271,0.006271,0.006271
116,1.2439,0.89279,1.0626,1.4857,1.0569,0.56277,0.62977,0.51471,0.56277,0.35556,1.3335,0.96166,1.1796,1.4729,1.1388,1.1577,0.006238,0.006238,0.006238
117,1.2327,0.88761,1.0697,1.4682,1.0511,0.56551,0.63268,0.52401,0.56551,0.35704,1.331,0.95268,1.1771,1.4738,1.1067,1.1567,0.006205,0.006205,0.006205
118,1.2517,0.90279,1.0709,1.4977,1.0699,0.568,0.62157,0.53176,0.568,0.3596,1.3322,0.9469,1.1783,1.4771,1.0887,1.1588,0.006172,0.006172,0.006172
119,1.2392,0.87867,1.0643,1.4838,1.0419,0.56392,0.60737,0.53607,0.56392,0.35901,1.3371,0.94754,1.1815,1.4788,1.0893,1.1603,0.006139,0.006139,0.006139
120,1.2778,0.90503,1.0749,1.5006,1.0569,0.56347,0.62755,0.53156,0.56347,0.3569,1.3393,0.94452,1.183,1.4792,1.0846,1.1618,0.006106,0.006106,0.006106
121,1.2441,0.87766,1.0586,1.4848,1.0335,0.56064,0.61582,0.52921,0.56064,0.35634,1.3395,0.94522,1.1836,1.4773,1.0891,1.1611,0.006073,0.006073,0.006073
122,1.2323,0.87401,1.0591,1.4774,1.0345,0.55469,0.63641,0.51186,0.55469,0.35289,1.3375,0.94341,1.1831,1.4763,1.0875,1.1608,0.00604,0.00604,0.00604
123,1.2299,0.88423,1.0606,1.4667,1.0442,0.56083,0.64246,0.51396,0.56083,0.35626,1.3346,0.94219,1.1799,1.474,1.0894,1.1591,0.006007,0.006007,0.006007
124,1.2416,0.88737,1.0582,1.4865,1.0474,0.56576,0.63597,0.52171,0.56576,0.35951,1.3308,0.93928,1.1777,1.4673,1.0881,1.1549,0.005974,0.005974,0.005974
125,1.2255,0.86696,1.056,1.4771,1.0211,0.56928,0.63197,0.52638,0.56928,0.36134,1.3288,0.93701,1.1766,1.4678,1.0867,1.1553,0.005941,0.005941,0.005941
126,1.2402,0.86307,1.0604,1.4825,1.019,0.57183,0.61572,0.53375,0.57183,0.3617,1.3299,0.93625,1.1775,1.4678,1.0858,1.1551,0.005908,0.005908,0.005908
127,1.2395,0.87622,1.064,1.483,1.0366,0.57219,0.70172,0.52731,0.57219,0.36118,1.3305,0.93694,1.1791,1.4687,1.0893,1.1568,0.005875,0.005875,0.005875
128,1.2295,0.87341,1.0538,1.4663,1.0132,0.56736,0.70267,0.52836,0.56736,0.35865,1.3301,0.93927,1.1791,1.4684,1.101,1.1568,0.005842,0.005842,0.005842
129,1.2198,0.86556,1.0615,1.4528,1.017,0.56858,0.7033,0.52827,0.56858,0.35941,1.3291,0.94003,1.1798,1.4669,1.1017,1.1569,0.005809,0.005809,0.005809
130,1.2094,0.86146,1.0434,1.4482,1.0135,0.56565,0.701,0.52895,0.56565,0.3605,1.3292,0.9404,1.1793,1.4663,1.1025,1.1555,0.005776,0.005776,0.005776
131,1.2318,0.8533,1.0452,1.4644,0.98808,0.56504,0.63145,0.5321,0.56504,0.36046,1.3295,0.94189,1.1787,1.4674,1.1113,1.1552,0.005743,0.005743,0.005743
132,1.2378,0.86751,1.058,1.4769,1.0173,0.56453,0.62693,0.53459,0.56453,0.35945,1.3304,0.94405,1.1784,1.4686,1.1196,1.1542,0.00571,0.00571,0.00571
133,1.2136,0.84395,1.0485,1.4602,0.99146,0.56427,0.62839,0.53616,0.56427,0.35845,1.3315,0.94413,1.178,1.4694,1.1275,1.154,0.005677,0.005677,0.005677
134,1.2001,0.84931,1.0469,1.4402,0.9936,0.56404,0.70562,0.53399,0.56404,0.3579,1.3306,0.94094,1.1765,1.4695,1.117,1.1524,0.005644,0.005644,0.005644
135,1.2251,0.86418,1.0582,1.47,1.0237,0.5677,0.64147,0.53423,0.5677,0.3614,1.3311,0.93749,1.1773,1.4699,1.1029,1.1523,0.005611,0.005611,0.005611
136,1.2108,0.85326,1.0515,1.4483,1.0088,0.56907,0.63913,0.53271,0.56907,0.36278,1.3315,0.93966,1.1779,1.4694,1.1066,1.1527,0.005578,0.005578,0.005578
137,1.2065,0.85096,1.0488,1.4403,1.0022,0.5706,0.63009,0.53592,0.5706,0.36294,1.3317,0.94284,1.1783,1.4703,1.1077,1.1536,0.005545,0.005545,0.005545
138,1.2133,0.84886,1.0487,1.4477,0.99029,0.57323,0.71057,0.53482,0.57323,0.36415,1.3308,0.94182,1.1786,1.4696,1.1094,1.1538,0.005512,0.005512,0.005512
139,1.2136,0.85804,1.0452,1.45,0.99567,0.57604,0.7248,0.53141,0.57604,0.36582,1.3307,0.9436,1.1789,1.4675,1.1153,1.1518,0.005479,0.005479,0.005479
140,1.1865,0.8422,1.0439,1.4219,0.97063,0.57749,0.64726,0.53413,0.57749,0.36687,1.3288,0.94214,1.1767,1.4663,1.1088,1.1505,0.005446,0.005446,0.005446
141,1.2121,0.83744,1.0444,1.4566,0.98133,0.57859,0.62963,0.54101,0.57859,0.36651,1.3274,0.94198,1.1753,1.4653,1.1083,1.1495,0.005413,0.005413,0.005413
142,1.2068,0.84793,1.0511,1.4578,1.0021,0.57748,0.64109,0.53238,0.57748,0.36701,1.3258,0.93907,1.1731,1.4652,1.1025,1.1496,0.00538,0.00538,0.00538
143,1.1992,0.81908,1.034,1.4419,0.9566,0.57695,0.6402,0.53334,0.57695,0.36677,1.3247,0.93742,1.1727,1.4649,1.1,1.1498,0.005347,0.005347,0.005347
144,1.1937,0.82397,1.0444,1.4397,0.96824,0.57923,0.64944,0.52894,0.57923,0.36801,1.3242,0.93573,1.1725,1.4651,1.0958,1.1506,0.005314,0.005314,0.005314
145,1.1939,0.83404,1.0418,1.436,0.97191,0.57721,0.64943,0.52943,0.57721,0.36828,1.325,0.93317,1.173,1.4651,1.0883,1.1516,0.005281,0.005281,0.005281
146,1.1977,0.83837,1.0411,1.4395,0.97518,0.57578,0.64457,0.53112,0.57578,0.36709,1.325,0.93217,1.1734,1.4641,1.0835,1.1517,0.005248,0.005248,0.005248
147,1.1839,0.81378,1.0361,1.4232,0.95341,0.57584,0.63519,0.53518,0.57584,0.3662,1.3239,0.93243,1.1728,1.4624,1.0853,1.1514,0.005215,0.005215,0.005215
148,1.2051,0.8411,1.0446,1.4497,0.97991,0.57605,0.64914,0.52715,0.57605,0.36713,1.323,0.93224,1.1725,1.4612,1.0845,1.1494,0.005182,0.005182,0.005182
149,1.1835,0.82828,1.0411,1.4207,0.9652,0.57545,0.63082,0.53755,0.57545,0.36603,1.3219,0.93197,1.1722,1.4605,1.0866,1.1494,0.005149,0.005149,0.005149
150,1.1751,0.80484,1.0309,1.4082,0.93298,0.5763,0.62442,0.54304,0.5763,0.36559,1.3212,0.93202,1.1715,1.4593,1.0893,1.149,0.005116,0.005116,0.005116
151,1.2007,0.8268,1.0406,1.4277,0.95512,0.57902,0.64699,0.53385,0.57902,0.36777,1.3217,0.93251,1.1718,1.4592,1.0938,1.1486,0.005083,0.005083,0.005083
152,1.1811,0.81109,1.0339,1.4194,0.94275,0.58047,0.65692,0.5281,0.58047,0.36833,1.3211,0.93233,1.1713,1.4588,1.0978,1.1489,0.00505,0.00505,0.00505
153,1.1787,0.81246,1.027,1.4211,0.94576,0.58266,0.62426,0.55401,0.58266,0.36893,1.322,0.93229,1.1716,1.4593,1.0994,1.1486,0.005017,0.005017,0.005017
154,1.186,0.81506,1.0377,1.4222,0.94391,0.58146,0.61881,0.56048,0.58146,0.36921,1.3224,0.9325,1.1706,1.4594,1.0996,1.1478,0.004984,0.004984,0.004984
155,1.1861,0.82154,1.0383,1.4252,0.9675,0.58152,0.61773,0.56094,0.58152,0.36915,1.3232,0.931,1.1711,1.4598,1.0948,1.148,0.004951,0.004951,0.004951
156,1.1679,0.79835,1.0284,1.4046,0.92978,0.58021,0.62435,0.55326,0.58021,0.36849,1.3234,0.93075,1.1716,1.4605,1.0938,1.1482,0.004918,0.004918,0.004918
157,1.1698,0.80734,1.0392,1.4095,0.94325,0.57938,0.64211,0.54593,0.57938,0.36795,1.3228,0.93008,1.1711,1.4605,1.0949,1.1483,0.004885,0.004885,0.004885
158,1.1809,0.81348,1.0304,1.4204,0.94947,0.58024,0.65033,0.54305,0.58024,0.3681,1.3223,0.92945,1.1714,1.4608,1.094,1.1489,0.004852,0.004852,0.004852
159,1.1868,0.80514,1.0324,1.4295,0.93459,0.57999,0.65574,0.54467,0.57999,0.36838,1.323,0.92807,1.1718,1.4617,1.0913,1.1501,0.004819,0.004819,0.004819
160,1.1833,0.81525,1.0326,1.4215,0.9581,0.5824,0.64832,0.54926,0.5824,0.36847,1.3235,0.92628,1.1722,1.4623,1.0901,1.1499,0.004786,0.004786,0.004786
161,1.1697,0.79852,1.0305,1.415,0.9303,0.58287,0.66246,0.54488,0.58287,0.36916,1.3236,0.9264,1.1725,1.4623,1.0927,1.1499,0.004753,0.004753,0.004753
162,1.1759,0.80276,1.0365,1.4127,0.9429,0.58161,0.65807,0.54394,0.58161,0.36872,1.3228,0.9256,1.172,1.462,1.0897,1.1505,0.00472,0.00472,0.00472
163,1.1693,0.80709,1.0309,1.4121,0.93886,0.58109,0.6623,0.54243,0.58109,0.36847,1.3228,0.9255,1.1719,1.4615,1.0897,1.1507,0.004687,0.004687,0.004687
164,1.161,0.79603,1.0243,1.3964,0.92035,0.58206,0.66275,0.54235,0.58206,0.36945,1.3234,0.92559,1.1724,1.4611,1.0925,1.1505,0.004654,0.004654,0.004654
165,1.1788,0.80909,1.0339,1.4159,0.933,0.58143,0.66069,0.54156,0.58143,0.36903,1.3233,0.92547,1.1722,1.4593,1.0964,1.1495,0.004621,0.004621,0.004621
166,1.1844,0.80912,1.0359,1.4163,0.94046,0.58064,0.65819,0.54271,0.58064,0.36878,1.323,0.9247,1.1716,1.4591,1.0946,1.1492,0.004588,0.004588,0.004588
167,1.1752,0.79958,1.0239,1.4211,0.93695,0.57944,0.64739,0.54405,0.57944,0.36845,1.3222,0.92331,1.1712,1.4578,1.093,1.1478,0.004555,0.004555,0.004555
168,1.1632,0.79586,1.0277,1.4032,0.92547,0.58059,0.63259,0.55269,0.58059,0.3694,1.3211,0.92265,1.1703,1.4573,1.0902,1.1476,0.004522,0.004522,0.004522
169,1.1611,0.79781,1.0273,1.413,0.93492,0.57934,0.64165,0.54684,0.57934,0.36865,1.3206,0.92286,1.1698,1.4579,1.0891,1.1472,0.004489,0.004489,0.004489
170,1.1644,0.79475,1.0154,1.4011,0.91246,0.57777,0.64453,0.54365,0.57777,0.36741,1.3204,0.92233,1.1696,1.457,1.0885,1.1466,0.004456,0.004456,0.004456
171,1.1641,0.79449,1.0239,1.4028,0.92091,0.57711,0.64364,0.54548,0.57711,0.36708,1.3201,0.92248,1.1692,1.4558,1.0906,1.1458,0.004423,0.004423,0.004423
172,1.1572,0.7935,1.025,1.3914,0.91496,0.57729,0.64002,0.54835,0.57729,0.36704,1.3197,0.92251,1.1686,1.456,1.091,1.1454,0.00439,0.00439,0.00439
173,1.1673,0.79894,1.0294,1.4023,0.93843,0.57715,0.63389,0.55294,0.57715,0.3672,1.3194,0.92192,1.1683,1.4566,1.0885,1.1454,0.004357,0.004357,0.004357
174,1.157,0.78787,1.0237,1.403,0.91484,0.57872,0.63825,0.55151,0.57872,0.36924,1.3192,0.92166,1.1682,1.456,1.0883,1.1449,0.004324,0.004324,0.004324
175,1.1581,0.79021,1.0205,1.3962,0.92502,0.57814,0.63593,0.55117,0.57814,0.36978,1.3189,0.92163,1.1679,1.4544,1.0909,1.1447,0.004291,0.004291,0.004291
176,1.166,0.80012,1.0202,1.4133,0.9208,0.57988,0.64166,0.55016,0.57988,0.36997,1.3185,0.92138,1.1676,1.4538,1.0916,1.1444,0.004258,0.004258,0.004258
177,1.1476,0.77012,1.0175,1.3825,0.89117,0.57986,0.64451,0.55127,0.57986,0.37034,1.3182,0.9211,1.1674,1.4537,1.093,1.1444,0.004225,0.004225,0.004225
178,1.1471,0.77769,1.0174,1.3854,0.89833,0.58117,0.64537,0.55148,0.58117,0.3711,1.3179,0.92059,1.1671,1.4533,1.0945,1.1442,0.004192,0.004192,0.004192
179,1.1401,0.77456,1.0202,1.3722,0.8992,0.5815,0.64359,0.55146,0.5815,0.37115,1.3175,0.92019,1.167,1.4533,1.0939,1.1441,0.004159,0.004159,0.004159
180,1.1445,0.78558,1.0185,1.3878,0.91018,0.58148,0.64104,0.55509,0.58148,0.37153,1.3173,0.92016,1.1668,1.4526,1.0948,1.1428,0.004126,0.004126,0.004126
181,1.1381,0.76719,1.0164,1.378,0.88724,0.58204,0.64283,0.55407,0.58204,0.37212,1.3178,0.92069,1.1671,1.4535,1.0955,1.1428,0.004093,0.004093,0.004093
182,1.1608,0.77329,1.0165,1.392,0.89284,0.58364,0.63808,0.55858,0.58364,0.3737,1.3173,0.92072,1.1667,1.4538,1.094,1.143,0.00406,0.00406,0.00406
183,1.1533,0.77725,1.0182,1.3933,0.90049,0.58434,0.64253,0.55794,0.58434,0.37463,1.3172,0.92093,1.1665,1.4533,1.0942,1.1426,0.004027,0.004027,0.004027
184,1.1364,0.76245,1.0124,1.3793,0.88115,0.5852,0.63732,0.56047,0.5852,0.37519,1.3168,0.92064,1.1663,1.4533,1.0924,1.1429,0.003994,0.003994,0.003994
185,1.142,0.763,1.0184,1.3714,0.88077,0.58505,0.64203,0.55876,0.58505,0.37518,1.3165,0.92106,1.166,1.453,1.0941,1.1429,0.003961,0.003961,0.003961
186,1.141,0.77047,1.019,1.37,0.89122,0.58562,0.63278,0.55917,0.58562,0.37575,1.3163,0.92126,1.1658,1.4527,1.0956,1.1427,0.003928,0.003928,0.003928
187,1.141,0.77369,1.0186,1.3848,0.90257,0.58536,0.63624,0.55707,0.58536,0.37548,1.3161,0.922,1.1655,1.4528,1.0973,1.1428,0.003895,0.003895,0.003895
188,1.1326,0.75711,1.0124,1.3788,0.8831,0.58521,0.6371,0.56117,0.58521,0.37541,1.3159,0.92178,1.1653,1.4527,1.0975,1.1426,0.003862,0.003862,0.003862
189,1.1344,0.76678,1.0177,1.372,0.88462,0.58614,0.63956,0.56154,0.58614,0.3759,1.3159,0.92143,1.1655,1.4526,1.0982,1.1427,0.003829,0.003829,0.003829
190,1.1258,0.7564,1.014,1.3563,0.86605,0.58691,0.63865,0.56253,0.58691,0.37655,1.3158,0.92144,1.1653,1.4527,1.0979,1.143,0.003796,0.003796,0.003796
191,1.1381,0.77906,1.0202,1.3873,0.90847,0.58799,0.64087,0.5625,0.58799,0.37727,1.3158,0.9217,1.1655,1.4527,1.0971,1.143,0.003763,0.003763,0.003763
192,1.1412,0.78284,1.0175,1.3801,0.91702,0.58895,0.64606,0.5645,0.58895,0.37739,1.3161,0.92178,1.1655,1.4527,1.0981,1.1428,0.00373,0.00373,0.00373
193,1.1223,0.75951,1.0069,1.3614,0.8759,0.58958,0.64545,0.56602,0.58958,0.37741,1.3159,0.9221,1.1654,1.4529,1.0989,1.1428,0.003697,0.003697,0.003697
194,1.1174,0.75049,1.0104,1.3512,0.86162,0.59058,0.64709,0.56492,0.59058,0.37777,1.316,0.92204,1.1654,1.4531,1.0981,1.143,0.003664,0.003664,0.003664
195,1.1352,0.75631,1.0184,1.3714,0.87367,0.59065,0.64619,0.56754,0.59065,0.37754,1.316,0.92213,1.1654,1.4534,1.0984,1.1433,0.003631,0.003631,0.003631
196,1.1401,0.76575,1.0135,1.3845,0.88162,0.59104,0.64427,0.56637,0.59104,0.3774,1.3163,0.92205,1.1655,1.4535,1.099,1.1433,0.003598,0.003598,0.003598
197,1.1315,0.75968,1.0109,1.3657,0.8675,0.5912,0.64307,0.56541,0.5912,0.37754,1.3163,0.92232,1.1657,1.4536,1.1001,1.1435,0.003565,0.003565,0.003565
198,1.1173,0.74713,1.0069,1.3621,0.86518,0.5911,0.64275,0.56378,0.5911,0.37749,1.3165,0.92236,1.1659,1.4539,1.1,1.1438,0.003532,0.003532,0.003532
199,1.1176,0.74111,1.0017,1.36,0.85479,0.59046,0.64365,0.56289,0.59046,0.37708,1.3164,0.92217,1.1658,1.4539,1.0997,1.1439,0.003499,0.003499,0.003499
200,1.121,0.74366,1.0025,1.3594,0.85249,0.59018,0.63734,0.56562,0.59018,0.37694,1.3164,0.9219,1.1657,1.4538,1.0988,1.1438,0.003466,0.003466,0.003466
